Data,Otwarcie,Najwyzszy,Najnizszy,Zamkniecie
2016-07-04,312.74,312.74,312.74,312.74
2016-07-06,305.55,305.55,305.3,305.3
2016-07-07,305.3,309.75,305.3,309.75
2016-07-08,309.75,309.75,306.38,306.4
2016-07-11,306.4,306.61,306.4,306.61
2016-07-12,306.61,308.79,306.61,308.79
2016-07-13,308.79,308.79,308.79,308.79
2016-07-14,308.79,308.79,308.79,308.79
2016-07-15,310.31,311.61,309.87,311.61
2016-07-18,311.61,311.61,311.61,311.61
2016-07-19,306.17,308.76,306.17,308.76
2016-07-20,306.81,312.46,306.81,312.46
2016-07-21,312.46,315.65,312.46,315.65
2016-07-22,312.39,312.39,312.39,312.39
2016-07-25,312.4,312.4,310.02,310.02
2016-07-26,310.23,310.23,310.23,310.23
2016-07-27,310.23,310.23,310.23,310.23
2016-07-28,310.23,310.23,309.71,309.71
2016-07-29,309.71,310.15,309.71,309.71
2016-08-01,311.63,311.63,311.63,311.63
2016-08-02,310.24,312.11,310.24,312.11
2016-08-03,314.51,317.21,313.37,317.21
2016-08-04,310.98,310.98,308.28,308.28
2016-08-05,308.28,315.47,308.28,315.47
2016-08-08,315.47,316,315.47,316
2016-08-09,317.8,317.8,317.27,317.27
2016-08-10,317.27,317.27,317.27,317.27
2016-08-11,317.27,317.27,311.51,311.51
2016-08-12,314.02,314.5,314.02,314.5
2016-08-15,319.77,320.3,319.77,320.3
2016-08-16,320.3,320.3,318.62,318.62
2016-08-17,318.62,318.62,314.71,314.71
2016-08-18,314.71,315.24,308.95,311.6
2016-08-19,311.19,311.19,311.19,311.19
2016-08-22,311.82,313.23,311.82,313.23
2016-08-23,313.23,313.76,313.23,313.76
2016-08-24,313.76,316,313.76,316
2016-08-25,316,316,313.34,313.34
2016-08-26,313.83,313.83,313.83,313.83
2016-08-30,313.83,320.7,313.83,320.7
2016-08-31,317.84,317.84,314.33,315.23
2016-09-02,319.36,319.36,317.48,318.01
2016-09-05,318.01,321.05,317.12,321.05
2016-09-06,322.91,323.27,322.91,323.27
2016-09-07,322.38,323.27,319.92,323.27
2016-09-08,327.76,327.76,322.5,322.5
2016-09-09,317.72,326.27,317.72,326
2016-09-12,326.27,326.27,320.11,320.11
2016-09-13,320.11,320.11,316.77,316.77
2016-09-14,316.77,316.77,316.77,316.77
2016-09-16,316.77,320.11,316.77,320.11
2016-09-19,319.84,321.5,319.84,321.5
2016-09-20,321.5,321.5,321.24,321.24
2016-09-21,321.77,321.77,319.37,321.77
2016-09-22,318.37,318.37,315.97,315.97
2016-09-23,322.26,324.96,322.26,324.96
2016-09-26,324.96,324.96,319.26,319.26
2016-09-27,322.52,323.05,320.07,320.07
2016-09-28,320.61,320.61,312.16,312.63
2016-09-29,312.63,317,312.63,316.47
2016-09-30,312.18,313.11,308.93,308.93
2016-10-03,309.4,320.19,309.4,314.26
2016-10-04,309.95,309.95,309.94,309.94
2016-10-05,309.94,309.94,309.72,309.72
2016-10-06,309.73,314.26,309.73,314.26
2016-10-07,314.26,318.08,314.26,318.08
2016-10-11,318.08,318.08,313.29,313.29
2016-10-12,313.29,313.29,313.05,313.05
2016-10-13,312.52,313.29,311.98,313.29
2016-10-14,313.29,313.29,313.29,313.29
2016-10-17,313.29,314.73,313.29,314.46
2016-10-18,314.46,314.46,314.46,314.46
2016-10-19,314.46,314.73,314.46,314.73
2016-10-20,317.42,317.42,315.03,315.03
2016-10-21,315.03,315.03,315.03,315.03
2016-10-24,315.03,315.03,314.49,314.49
2016-10-25,315.38,315.89,313.49,313.49
2016-10-26,313.49,315.89,313.49,315.89
2016-10-27,315.38,317.57,315.38,317.57
2016-10-28,317.57,317.59,317.06,317.59
2016-10-31,317.59,317.59,317.59,317.59
2016-11-02,317.59,317.59,317.06,317.06
2016-11-03,317.06,323.36,317.06,317.06
2016-11-07,317.06,317.06,317.06,317.06
2016-11-09,315.38,315.38,314.43,314.43
2016-11-10,314.43,314.43,313.53,313.53
2016-11-11,313.57,313.57,313.57,313.57
2016-11-14,314.49,314.49,314.49,314.49
2016-11-15,315.38,315.38,314.43,314.43
2016-11-16,313.89,314.37,313.89,314.37
2016-11-21,314.37,314.37,314.37,314.37
2016-11-22,310.18,310.18,306.84,307.32
2016-11-23,306.84,312.32,306.12,306.12
2016-11-24,306.12,306.12,302.07,302.07
2016-11-25,302.58,308.57,302.58,308.57
2016-11-28,309.1,311.81,309.1,311.81
2016-11-29,311.81,311.81,305,305
2016-11-30,304.85,305.2,304,305.2
2016-12-01,306.05,306.05,305.57,305.57
2016-12-02,305.57,313.56,305.57,313.56
2016-12-05,313.56,313.56,313.55,313.55
2016-12-06,306.75,306.75,304.95,304.95
2016-12-07,304.95,304.95,304.95,304.95
2016-12-08,303.65,303.65,303.12,303.12
2016-12-12,303.12,313.01,303.12,313.01
2016-12-14,313.01,313.01,313.01,313.01
2016-12-15,312.83,317.14,312.83,317.14
2016-12-16,317.14,317.14,315.34,315.34
2016-12-19,316.24,318.04,316.24,318.04
2016-12-20,318.04,318.04,315.39,315.39
2016-12-21,315.39,318.04,315.39,318.04
2016-12-27,318.04,318.57,318.04,318.57
2016-12-28,318.57,318.57,318.57,318.57
2016-12-29,317.67,317.67,316.23,316.23
2016-12-30,316.23,318.57,316.23,318.57
2017-01-03,316.77,318.63,316.77,318.63
2017-01-04,318.63,318.63,318.63,318.63
2017-01-05,319.46,323.3,317.07,319.46
2017-01-09,318.66,318.66,318.66,318.66
2017-01-11,318.18,318.18,317.64,317.64
2017-01-12,317.64,318.12,317.64,318.12
2017-01-13,318.12,318.12,317.67,317.67
2017-01-16,317.67,317.67,317.13,317.13
2017-01-17,317.13,317.13,315.7,315.7
2017-01-18,315.7,315.7,315.7,315.7
2017-01-19,315.7,316.24,315.7,316.24
2017-01-20,316.24,316.24,316.23,316.23
2017-01-23,307.16,308.59,307.16,308.59
2017-01-24,308.59,308.59,308.59,308.59
2017-01-25,306.8,306.8,305.35,305.88
2017-01-26,305.88,307.69,305.88,307.69
2017-01-27,307.69,307.71,307.69,307.71
2017-01-30,307.69,307.71,307.69,307.71
2017-01-31,307.71,312.21,307.18,307.18
2017-02-01,308.23,308.23,306.36,306.36
2017-02-02,308.21,308.21,305.88,306.41
2017-02-03,308.12,308.12,308.12,308.12
2017-02-06,308.12,308.12,308.12,308.12
2017-02-07,307.6,307.86,307.6,307.86
2017-02-08,306.15,306.15,304.3,305.08
2017-02-09,305.08,305.98,305.08,305.98
2017-02-10,305.2,307.04,305.2,307.04
2017-02-13,307.04,307.94,307.02,307.02
2017-02-14,307.02,307.94,307.02,307.94
2017-02-15,307.94,307.94,307.49,307.49
2017-02-16,307.49,307.49,306.97,306.97
2017-02-17,308.77,311.82,308.77,311.82
2017-02-20,308.68,308.68,307.77,307.77
2017-02-21,307.77,308.29,307.77,308.29
2017-02-22,309.19,309.19,306.59,306.6
2017-02-23,306.84,307.73,306.84,307.73
2017-02-24,306.82,310.11,306.29,310.11
2017-02-27,310.11,310.13,310.11,310.13
2017-02-28,310.13,310.13,309.68,309.68
2017-03-01,307.89,307.89,304,304
2017-03-02,305.36,305.36,304,304
2017-03-03,303.1,309.54,303.1,309.54
2017-03-06,309.54,309.54,309.54,309.54
2017-03-07,309.54,309.54,309.54,309.54
2017-03-08,309.54,312.11,309.54,312.11
2017-03-09,312.11,312.11,312.11,312.11
2017-03-10,312.15,312.15,312.15,312.15
2017-03-13,312.15,312.15,312.15,312.15
2017-03-14,305.69,305.69,305.69,305.69
2017-03-15,305.69,305.69,305.69,305.69
2017-03-16,305.69,305.69,304.19,304.19
2017-03-17,304.19,304.19,303.67,303.67
2017-03-20,303.67,303.67,301.83,301.83
2017-03-22,302.51,304.33,302.51,304.33
2017-03-23,302.09,307.09,301.16,307.09
2017-03-24,307.09,307.1,307.09,307.1
2017-03-27,307.1,307.1,307.1,307.1
2017-03-28,307.62,307.62,304.85,304.85
2017-03-29,304.85,305.38,304.85,305.38
2017-03-30,305.38,305.38,304.85,305.38
2017-03-31,305.38,305.38,304.91,304.91
2017-04-03,306.04,308.46,306.04,306.71
2017-04-04,306.19,308.88,306.19,308.88
2017-04-05,305.29,306.34,305.29,306.34
2017-04-06,300.34,300.64,299.34,300.64
2017-04-07,306.46,306.46,305.93,306.46
2017-04-10,307.1,307.1,306.64,306.64
2017-04-11,306.64,308.95,306.64,308.95
2017-04-12,308.95,308.99,308.95,308.99
2017-04-13,309.38,309.38,309.11,309.11
2017-04-18,301.26,305.83,301.26,305.83
2017-04-19,303.85,304.84,303.85,304.84
2017-04-20,304.84,308.44,304.84,308.44
2017-04-21,308.44,308.53,308.44,308.53
2017-04-24,308.8,310.65,308.8,310.65
2017-04-25,310.65,312.96,310.65,312.96
2017-04-28,312.94,312.96,312.44,312.44
2017-05-02,312.44,312.94,312.44,312.94
2017-05-03,312.94,312.96,312.94,312.96
2017-05-04,312.12,312.12,311.59,311.59
2017-05-05,307.99,307.99,307.99,307.99
2017-05-09,307.99,307.99,307.99,307.99
2017-05-10,306.36,308.16,306.36,308.16
2017-05-12,308.19,308.68,308.19,308.68
2017-05-15,307.78,307.78,307.26,307.26
2017-05-16,304.02,304.47,304.02,304.47
2017-05-17,304.47,305,304.47,305
2017-05-18,305,305,303.15,303.15
2017-05-19,303.57,303.57,303.57,303.57
2017-05-22,303.57,306.57,303.57,306.57
2017-05-23,306.57,307.62,306.57,307.62
2017-05-24,308.12,308.12,308.12,308.12
2017-05-25,307.65,308.55,307.65,308.55
2017-05-26,307.65,308.12,307.65,308.12
2017-05-29,308.12,308.12,305.29,307.54
2017-05-30,306.19,306.19,304.13,304.13
2017-05-31,304.13,304.13,304.13,304.13
2017-06-01,304.13,306.92,304.13,306.92
2017-06-02,306.92,306.92,306.92,306.92
2017-06-05,306.92,306.92,306.92,306.92
2017-06-06,306.92,306.92,306.92,306.92
2017-06-07,306.92,307.44,306.92,307.44
2017-06-08,307.44,310.22,307.44,310.22
2017-06-09,309.58,312.35,309.58,312.35
2017-06-12,312.35,313.25,312.35,313.25
2017-06-13,313.25,313.25,311.54,311.54
2017-06-14,311.54,311.54,311.54,311.54
2017-06-16,309.2,309.21,309.2,309.2
2017-06-21,309.2,309.2,308.73,308.73
2017-06-22,307.83,307.83,307.83,307.83
2017-06-23,307.83,308.3,307.83,308.3
2017-06-27,308.75,310.1,308.75,310.1
2017-06-28,312.88,313.4,311.55,313.4
2017-06-29,313.4,313.4,313.4,313.4
2017-06-30,327.51,328.84,327.51,328.84
2017-07-03,328.58,328.58,327.25,327.25
2017-07-04,327.25,327.92,326.78,327.92
2017-07-06,328.34,328.61,328.34,328.61
2017-07-07,334.49,334.51,334.49,334.51
2017-07-10,334.51,334.96,334.51,334.96
2017-07-11,334.96,334.96,334.74,334.74
2017-07-12,334.74,336.31,334.51,334.51
2017-07-13,334.51,334.51,334.51,334.51
2017-07-14,334.51,334.51,334.51,334.51
2017-07-17,334.74,334.76,334.74,334.76
2017-07-18,331.1,331.31,331.08,331.08
2017-07-19,331.09,336.36,330.87,336
2017-07-20,336.36,339.14,336.36,339.14
2017-07-21,337.34,337.77,337.34,337.77
2017-07-24,337.77,337.77,335.92,335.92
2017-07-25,335.92,335.92,335.92,335.92
2017-07-26,335.92,335.92,335.92,335.92
2017-07-27,336.13,336.13,336.13,336.13
2017-07-28,336.13,336.13,332.53,332.53
2017-07-31,335.23,337.94,335.23,335.23
2017-08-01,335.23,336,335.23,336
2017-08-02,338.52,339.05,338.52,339.05
2017-08-03,336.52,338.04,336.52,338.04
2017-08-04,338.04,341.07,338.04,341.07
2017-08-07,340.61,340.61,340.61,340.61
2017-08-08,334.15,335.43,334.15,335.43
2017-08-09,334.42,335.43,334.42,335.43
2017-08-10,334.42,337.58,333.44,333.44
2017-08-11,333.44,334.45,333.44,334.45
2017-08-14,336.43,336.43,327,327
2017-08-15,327,333.69,327,333.69
2017-08-16,327,327,326.08,326.08
2017-08-17,326.08,326.08,325.54,325.54
2017-08-18,325.54,326.08,322.93,322.93
2017-08-22,323.09,330.03,323.09,330.03
2017-08-23,330.79,336.55,330.79,336.55
2017-08-24,338.09,338.35,329.87,329.87
2017-08-25,329.87,329.87,329.87,329.87
2017-08-28,329.85,329.85,328.58,328.58
2017-08-30,328.58,333.92,328.58,333.92
2017-08-31,333.92,333.92,333.39,333.39
2017-09-04,333.92,334.17,333.92,334.17
2017-09-05,333.91,334.17,328.84,328.84
2017-09-07,328.84,332.55,328.84,332.55
2017-09-08,332.55,332.55,332.55,332.55
2017-09-11,332.55,332.56,332.55,332.56
2017-09-12,333.07,333.57,329.71,329.71
2017-09-13,329.71,330.25,329.71,330.25
2017-09-14,330.75,330.75,329.77,329.77
2017-09-18,328.86,331.36,328.86,329.35
2017-09-19,329.35,331.36,329.35,331.36
2017-09-20,335.17,335.68,335.16,335.16
2017-09-21,335.17,335.17,333.27,333.27
2017-09-22,333.45,335.97,332.09,332.09
2017-09-25,330.34,330.34,327.19,327.19
2017-09-26,327.19,327.19,327.19,327.19
2017-09-27,319.76,319.76,317.1,317.12
2017-09-28,316.26,316.26,316.23,316.23
2017-09-29,316.23,316.77,316.23,316.77
2017-10-02,316.77,317.78,316.77,317.78
2017-10-03,317.78,317.78,317.78,317.78
2017-10-04,317.78,323.83,317.78,323.83
2017-10-05,324.74,324.74,324.74,324.74
2017-10-06,324.73,324.73,322.71,322.71
2017-10-09,321.81,321.81,321.54,321.54
2017-10-10,321.81,321.81,316.79,316.79
2017-10-11,317.32,322.35,317.32,322.35
2017-10-12,319.95,319.95,319.94,319.94
2017-10-13,312.51,312.51,312.51,312.51
2017-10-16,312.51,312.51,309.89,309.89
2017-10-17,309.89,309.89,309.89,309.89
2017-10-18,310.42,310.42,310.42,310.42
2017-10-19,310.69,310.69,310.42,310.42
2017-10-20,310.42,310.42,310.42,310.42
2017-10-23,317.59,317.86,317.59,317.86
2017-10-24,317.59,322.37,317.59,322.37
2017-10-25,322.9,322.9,318.39,318.39
2017-10-26,318.39,318.39,318.39,318.39
2017-10-27,318.39,318.39,318.01,318.01
2017-10-30,317.74,318.01,317.74,318.01
2017-10-31,318.01,320.51,318.01,320.51
2017-11-02,320.51,320.51,318.6,318.6
2017-11-06,317.84,322.01,317.84,322.01
2017-11-07,322.01,322.01,316.99,316.99
2017-11-08,316.99,319.49,316.99,319.49
2017-11-09,320.86,320.86,320.48,320.48
2017-11-10,320.48,320.48,320.48,320.48
2017-11-13,320.48,320.48,320.48,320.48
2017-11-14,315.71,315.71,315.71,315.71
2017-11-15,316.19,319.32,316.19,319.32
2017-11-16,321.05,323.16,321.05,323.16
2017-11-20,321.04,321.06,321.04,321.06
2017-11-21,320.98,323.69,320.98,323.69
2017-11-22,323.15,323.69,323.15,323.69
2017-11-23,323.69,323.69,323.69,323.69
2017-11-24,323.69,323.69,323.69,323.69
2017-11-27,322.19,322.34,322.19,322.34
2017-11-28,322.34,322.34,322.19,322.19
2017-11-29,322.19,322.85,322.19,322.85
2017-12-01,321.05,321.05,320.54,320.54
2017-12-04,320.54,320.54,320.54,320.54
2017-12-06,320.54,320.57,320.54,320.57
2017-12-07,320.63,320.63,320.09,320.09
2017-12-08,320.09,326.14,320.09,326.14
2017-12-11,327.07,327.6,322.33,322.33
2017-12-12,319.88,323.72,319.88,323.72
2017-12-13,323.75,326.99,323.75,325.16
2017-12-14,325.16,325.16,325.16,325.16
2017-12-15,325.16,325.16,325.16,325.16
2017-12-18,323.63,326.78,323.63,326.78
2017-12-19,326.75,326.76,326.23,326.23
2017-12-20,326.23,327.48,326.23,327.48
2017-12-21,326.53,326.53,325.09,325.09
2017-12-22,325.09,325.09,325.09,325.09
2017-12-27,325.09,325.62,325.09,325.62
2017-12-28,325.62,325.62,325.62,325.62
2017-12-29,325.62,325.62,325.62,325.62
2018-01-03,325.62,325.62,325.61,325.61
2018-01-05,325.61,325.87,325.61,325.87
2018-01-08,325.87,325.87,325.87,325.87
2018-01-09,326.88,327.39,326.88,327.39
2018-01-10,336.01,336.01,336.01,336.01
2018-01-11,336.01,336.01,336.01,336.01
2018-01-12,336.19,336.19,336.19,336.19
2018-01-16,335.68,341.26,335.68,340.72
2018-01-17,335.39,338.36,335.39,338.36
2018-01-18,335.84,342.21,335.84,342.21
2018-01-19,341.71,341.71,338.66,338.66
2018-01-22,338.66,338.66,338.66,338.66
2018-01-23,338.66,341.68,338.66,341.68
2018-01-24,341.5,341.5,339.49,339.49
2018-01-25,337.96,337.96,335.8,335.8
2018-01-26,337.43,337.43,335.41,335.41
2018-01-29,335.41,335.41,333.64,334.65
2018-01-30,334.65,338.96,334.65,338.96
2018-01-31,349.36,349.36,349.36,349.36
2018-02-01,347.59,349.46,347.59,347.69
2018-02-02,347.69,348.13,347.69,348.13
2018-02-05,351.23,351.23,347.69,347.69
2018-02-06,346.82,350.37,346.82,348.6
2018-02-07,350.37,350.81,345.48,345.48
2018-02-08,346.35,346.79,346.35,346.79
2018-02-09,329.72,330.2,329.72,330.2
2018-02-12,329.76,332.86,328.87,328.87
2018-02-13,330.2,330.2,329.77,329.77
2018-02-14,329.77,329.77,329.77,329.77
2018-02-15,329.77,329.77,329.77,329.77
2018-02-16,331.46,333.34,331.46,333.34
2018-02-19,333.79,333.79,329.04,329.71
2018-02-20,328.67,328.67,328.19,328.19
2018-02-21,330.8,331.66,330.8,331.66
2018-02-22,331.66,331.66,328.64,328.64
2018-02-26,331.66,332.59,331.66,332.1
2018-02-27,332.1,332.55,332.1,332.55
2018-02-28,333.21,334.61,333.21,334.61
2018-03-01,334.61,339.04,334.61,335.1
2018-03-02,335.1,337.76,334.34,334.34
2018-03-05,337,339.26,337,339.26
2018-03-06,336.03,336.03,328.94,334.01
2018-03-07,340.65,340.65,334.62,334.62
2018-03-08,327.97,328.46,327.97,328.46
2018-03-09,328.46,335.1,328.46,335.1
2018-03-12,336.35,336.35,335.05,335.05
2018-03-13,335.05,335.26,335.05,335.26
2018-03-14,335.74,339.9,329.1,339.9
2018-03-15,337.75,339.9,335.03,335.03
2018-03-16,338.78,343.66,337.46,337.46
2018-03-19,337.46,337.9,337.42,337.42
2018-03-20,334,334.89,334,334.89
2018-03-21,334.89,339.32,334.89,339.32
2018-03-22,339.48,340.45,339.48,340.45
2018-03-23,340.45,340.45,337.03,337.03
2018-03-26,337.03,337.03,332.6,332.6
2018-03-27,336.99,339.31,333.11,339.31
2018-03-28,339.31,339.31,330,330
2018-03-29,330,330,329.07,329.51
2018-04-03,329.4,329.4,329.4,329.4
2018-04-04,329.2,329.68,329.2,329.68
2018-04-05,329.68,333.99,329.68,333.99
2018-04-06,336.1,338.31,336.1,338.31
2018-04-09,340.69,340.69,340.69,340.69
2018-04-10,341.72,342.76,341.72,342.76
2018-04-11,342.76,345.13,342.76,345.13
2018-04-12,346.17,346.17,346.17,346.17
2018-04-16,346.98,346.98,342.99,342.99
2018-04-17,343.95,346.77,342.76,343.95
2018-04-18,343.95,343.95,337.48,337.48
2018-04-19,337.04,337.04,336.56,337.04
2018-04-20,337.04,337.04,333.94,337.04
2018-04-23,337.49,337.49,335.41,335.41
2018-04-25,334.96,334.96,332.74,332.74
2018-04-26,331.7,331.7,330.17,330.17
2018-04-27,330.17,330.17,330.17,330.17
2018-04-30,330.17,330.17,330.17,330.17
2018-05-02,330.17,333.32,330.17,332.84
2018-05-03,329,329,326.33,326.33
2018-05-04,326.33,326.33,326.33,326.33
2018-05-07,326.33,330.66,326.33,330.66
2018-05-09,330.66,336.71,330.66,336.71
2018-05-10,336.71,336.71,336.71,336.71
2018-05-11,334.93,335.28,334.93,335.28
2018-05-14,335.28,335.72,335.28,335.72
2018-05-15,336.35,336.35,335.9,335.9
2018-05-16,329.85,329.85,329.85,329.85
2018-05-17,329.85,332.44,329.85,332.44
2018-05-18,332.44,332.44,329.11,329.11
2018-05-21,325.22,325.22,324.32,324.32
2018-05-22,324.32,324.76,324.32,324.76
2018-05-23,331.78,332.26,331.78,332.26
2018-05-24,329.78,329.78,329.3,329.78
2018-05-25,329.78,329.78,329.78,329.78
2018-05-28,330.23,330.23,329.74,329.74
2018-05-29,329.74,329.74,329.31,329.31
2018-05-30,329.31,330.65,329.31,330.65
2018-05-31,330.65,334.53,330.2,330.54
2018-06-01,330.54,330.54,330.54,330.54
2018-06-04,326.21,334.24,325.59,334.24
2018-06-05,334.24,334.24,334.24,334.24
2018-06-06,334.24,334.72,334.24,334.72
2018-06-07,334.72,337.83,334.72,337.83
2018-06-08,334.72,335.17,326.52,326.52
2018-06-11,326.52,326.52,326.52,326.52
2018-06-12,326.52,329.18,326.52,329.18
2018-06-13,329.18,329.18,326.52,326.52
2018-06-14,326.52,329.18,326.52,326.52
2018-06-15,326.52,326.52,326.52,326.52
2018-06-18,326.52,326.52,326.52,326.52
2018-06-19,324.1,326.52,324.1,326.52
2018-06-20,326.52,326.52,326.52,326.52
2018-06-21,326.52,326.52,326.03,326.03
2018-06-22,329.18,329.18,326.52,326.52
2018-06-25,326.52,326.52,326.52,326.52
2018-06-26,326.52,326.52,326.03,326.03
2018-06-27,325.59,326.07,325.59,326.07
2018-06-28,326.07,326.07,326.07,326.07
2018-06-29,326.07,326.07,325.59,325.59
2018-07-02,325.59,326.07,325.59,326.07
2018-07-03,325.03,328.46,325.03,328.46
2018-07-04,329.5,330.34,329.5,330.34
2018-07-06,330.34,330.34,330.34,330.34
2018-07-09,330.34,330.34,330.34,330.34
2018-07-10,330.34,330.79,330.34,330.79
2018-07-11,330.79,330.79,330.79,330.79
2018-07-12,340.72,341.58,340.72,341.58
2018-07-13,330.54,341.58,324.32,341.58
2018-07-16,341.58,342.47,341.58,342.47
2018-07-17,342.47,342.47,342.47,342.47
2018-07-18,342.47,342.47,342.47,342.47
2018-07-19,342.91,344.23,342.91,344.23
2018-07-20,330.88,330.88,330.88,330.88
2018-07-23,330.88,330.88,330.4,330.4
2018-07-24,330.4,337.06,330.4,337.06
2018-07-25,337.06,339.65,337.06,339.22
2018-07-26,339.22,339.22,339.22,339.22
2018-07-27,339.71,340.57,339.27,339.27
2018-07-30,326.34,329.43,326.34,329.43
2018-07-31,329.43,329.43,325.39,325.39
2018-08-01,325.86,325.86,325.86,325.86
2018-08-02,317.68,318.6,317.68,318.6
2018-08-03,318.6,318.6,318.6,318.6
2018-08-06,318.6,318.6,317.75,317.75
2018-08-07,330.17,331.13,330.17,330.17
2018-08-08,330.17,330.17,329.7,329.7
2018-08-09,329.7,330.17,329.7,330.17
2018-08-10,330.17,330.64,330.17,330.64
2018-08-13,330.64,330.64,329.7,329.7
2018-08-15,329.7,330.64,329.7,330.64
2018-08-16,330.64,333.42,330.64,333.42
2018-08-17,333.42,333.42,333.42,333.42
2018-08-20,349.48,349.48,349.01,349.01
2018-08-21,349.48,349.48,349.48,349.48
2018-08-22,349.01,349.48,349.01,349.48
2018-08-23,349.48,349.48,349.48,349.48
2018-08-24,349.48,349.48,349.48,349.48
2018-08-27,349.48,349.48,347.62,347.62
2018-08-28,347.62,347.62,347.62,347.62
2018-08-30,359.13,359.6,359.13,359.6
2018-08-31,359.79,359.79,359.79,359.79
2018-09-03,359.79,359.79,357.65,357.65
2018-09-04,357.65,357.65,350.24,350.24
2018-09-05,350.24,354.87,350.24,354.87
2018-09-06,354.87,354.87,354.87,354.87
2018-09-07,334.88,335.84,334.88,335.84
2018-09-10,335.84,335.84,334.88,334.88
2018-09-11,334.88,334.88,334.88,334.88
2018-09-12,334.88,334.88,332.74,332.74
2018-09-13,333.22,333.22,333.22,333.22
2018-09-14,333.22,334,333.22,333.22
2018-09-17,333.22,333.22,332.74,332.74
2018-09-18,332.74,333.22,332.74,333.22
2018-09-19,324.81,325.71,324.81,325.29
2018-09-20,325.29,328.07,325.29,328.07
2018-09-21,329.01,329.01,328.07,328.07
2018-09-24,328.07,328.07,328.07,328.07
2018-09-25,328.07,328.07,328.07,328.07
2018-09-26,328.07,328.07,328.07,328.07
2018-09-27,328.07,328.49,328.07,328.49
2018-09-28,328.07,334.7,327.59,331.38
2018-10-01,328.07,329.01,328.07,329.01
2018-10-02,329.01,329.01,328.07,328.54
2018-10-03,328.54,329.01,328.54,329.01
2018-10-04,329.01,329.01,329.01,329.01
2018-10-05,329.01,329.44,329.01,329.01
2018-10-08,329.01,329.49,329.01,329.49
2018-10-09,335.11,335.11,334.64,335.11
2018-10-10,335.11,335.11,331.4,332.35
2018-10-11,332.35,332.35,331.88,331.88
2018-10-12,331.88,333.3,331.88,331.88
2018-10-15,334.66,335.08,334.66,335.08
2018-10-16,335.08,336.01,334.61,336.01
2018-10-17,336.01,336.01,336.01,336.01
2018-10-18,335.54,337.87,335.54,337.39
2018-10-19,337.87,337.87,333.69,333.69
2018-10-22,333.69,333.69,333.69,333.69
2018-10-23,333.69,334.16,333.68,334.16
2018-10-24,335.87,336.81,335.87,335.87
2018-10-25,336.34,336.34,335.87,336.34
2018-10-26,336.34,336.81,336.34,336.34
2018-10-29,332.41,332.83,332.41,332.83
2018-10-31,333.3,334.06,332.35,334.06
2018-11-02,334.05,334.51,334.05,334.51
2018-11-05,332.8,332.8,332.33,332.33
2018-11-06,332.33,332.33,331.9,331.9
2018-11-07,331.9,331.9,331.43,331.43
2018-11-08,331.89,331.89,330.97,330.97
2018-11-09,331.44,334.22,331.44,334.22
2018-11-12,334.22,334.22,333.75,333.75
2018-11-13,333.75,333.75,332.04,332.04
2018-11-14,332.04,332.99,332.04,332.99
2018-11-15,332.99,333.9,331.11,331.11
2018-11-16,331.11,331.11,330.64,330.64
2018-11-19,330.07,330.07,329.68,329.68
2018-11-20,329.68,329.68,329.68,329.68
2018-11-21,329.68,330.16,329.68,330.16
2018-11-22,330.16,331.01,330.16,331.01
2018-11-23,331.01,331.01,331.01,331.01
2018-11-26,331.01,331.78,331.01,331.78
2018-11-27,331.78,331.78,330.54,330.54
2018-11-28,330.54,330.54,330.54,330.54
2018-11-29,330.54,330.54,329.61,329.61
2018-11-30,330.08,330.47,329.99,329.99
2018-12-03,329.99,331,329.61,331
2018-12-04,331.48,331.9,330.96,330.96
2018-12-05,330.96,331.9,330.96,331.9
2018-12-06,331.92,334.04,331.72,334.04
2018-12-07,334.04,336.74,334.04,335.46
2018-12-10,335.46,335.46,334.99,334.99
2018-12-11,334.99,334.99,334.99,334.99
2018-12-12,334.99,334.99,334.99,334.99
2018-12-13,334.99,334.99,334.99,334.99
2018-12-14,334.99,334.99,334.04,334.04
2018-12-17,332.67,334.99,332.67,334.99
2018-12-18,334.99,334.99,333.79,333.79
2018-12-19,335.5,335.5,334.08,334.08
2018-12-21,334.08,334.08,332.37,332.37
2018-12-27,332.37,332.37,332.37,332.37
2018-12-28,332.37,332.37,332.37,332.37
2019-01-02,332.37,332.37,332.37,332.37
2019-01-03,332.37,332.37,332.37,332.37
2019-01-04,332.37,332.37,332.37,332.37
2019-01-07,335.12,335.12,335.12,335.12
2019-01-08,335.12,335.12,335.12,335.12
2019-01-09,335.89,336.74,333.66,333.66
2019-01-10,335.98,335.98,334.69,334.69
2019-01-11,334.69,335.08,334.69,335.08
2019-01-14,335.08,335.08,335.08,335.08
2019-01-15,335.08,336.36,335.08,336.36
2019-01-16,336.36,336.79,336.36,336.79
2019-01-17,336.36,336.36,335.89,335.89
2019-01-18,335.89,335.89,332.89,332.89
2019-01-21,332.89,332.89,332.89,332.89
2019-01-22,331.04,332.32,331.04,331.47
2019-01-23,331.94,331.94,331.94,331.94
2019-01-28,331.94,333.22,331.51,331.51
2019-01-29,331.51,331.51,331.04,331.51
2019-01-30,331.51,331.51,331.51,331.51
2019-01-31,331.51,331.51,331.51,331.51
2019-02-01,334.55,336.52,334.55,336.52
2019-02-05,335.97,335.97,335.58,335.58
2019-02-06,335.58,335.58,335.58,335.58
2019-02-07,335.58,335.97,334.06,334.06
2019-02-08,334.45,334.45,334.06,334.06
2019-02-11,334.06,336.76,334.06,335.24
2019-02-12,335.7,337.22,335.7,337.22
2019-02-13,337.22,337.22,335.7,335.7
2019-02-14,335.7,335.7,335.7,335.7
2019-02-15,336.52,336.52,335.74,335.74
2019-02-18,337.26,340.8,335.74,335.74
2019-02-19,339.26,339.26,339.26,339.26
2019-02-20,339.26,339.26,339.26,339.26
2019-02-21,339.26,339.26,339.26,339.26
2019-02-22,342.8,342.8,339.65,339.65
2019-02-25,339.65,340.71,339.19,340.71
2019-02-26,340.71,340.71,340.71,340.71
2019-02-27,340.71,341.17,340.71,341.17
2019-02-28,341.17,341.17,339.19,339.19
2019-03-01,339.19,339.19,339.19,339.19
2019-03-04,339.88,341.4,339.88,341.4
2019-03-05,341.79,341.79,341.56,341.56
2019-03-06,341.56,341.56,341.56,341.56
2019-03-07,341.56,341.56,341.56,341.56
2019-03-08,341.56,342.35,341.56,342.35
2019-03-11,341.89,342.73,341.51,342.73
2019-03-12,342.73,342.73,342.27,342.27
2019-03-13,342.27,342.73,342.27,342.73
2019-03-14,342.73,342.96,342.73,342.96
2019-03-15,342.96,343.35,342.96,343.35
2019-03-18,339.93,341.45,339.93,341.45
2019-03-19,343.81,343.81,342.96,342.96
2019-03-20,343.42,343.42,343.42,343.42
2019-03-21,345.32,345.32,343.42,345.32
2019-03-22,343.42,347.22,343.42,347.22
2019-03-25,346.39,346.39,345.93,345.93
2019-03-26,344.03,351.18,344.03,351.18
2019-03-27,351.18,351.18,351.18,351.18
2019-03-28,351.18,351.18,350.4,350.4
2019-03-29,350.4,350.4,350.4,350.4
2019-04-01,355.17,355.17,354.71,354.71
2019-04-02,361,361,359.48,359.48
2019-04-03,359.48,361,359.48,361
2019-04-04,361.46,361.46,361.46,361.46
2019-04-05,361.46,361.46,361.46,361.46
2019-04-08,361.46,361.46,361.46,361.46
2019-04-09,350.4,350.4,350.4,350.4
2019-04-10,349.93,350.4,349.93,350.4
2019-04-15,349.15,349.15,343.45,345.81
2019-04-16,345.81,346.27,345.81,346.27
2019-04-17,346.27,348.63,346.27,348.63
2019-04-18,350.2,350.99,350.2,350.99
2019-04-23,355.88,355.88,349.59,349.59
2019-04-24,349.59,349.59,349.13,349.13
2019-04-25,349.13,354.07,349.13,354.07
2019-04-26,354.1,360.86,354.1,360.86
2019-04-29,358.96,359.42,358.96,358.96
2019-04-30,358.96,358.96,358.96,358.96
2019-05-02,358.73,359.19,358.73,359.19
2019-05-06,362.6,364.52,360.58,362.95
2019-05-07,362.95,362.95,361.37,361.37
2019-05-09,364.52,365.31,364.52,365.31
2019-05-10,367.57,367.57,364.75,364.75
2019-05-13,364.75,365.21,364.75,365.21
2019-05-14,362.25,362.25,362.25,362.25
2019-05-15,339.38,347.27,339.38,347.27
2019-05-16,347.27,348.84,343.05,345.42
2019-05-17,346.18,346.18,343.81,343.81
2019-05-20,343.81,343.81,343.35,343.35
2019-05-21,349.33,349.71,344.98,344.98
2019-05-22,346.56,346.56,345.72,345.72
2019-05-23,347.29,347.76,345.39,345.39
2019-05-24,346.18,346.97,346.18,346.97
2019-05-27,346.97,346.97,346.97,346.97
2019-05-28,346.97,346.97,346.97,346.97
2019-05-29,346.5,347.27,345.72,345.72
2019-05-30,345.72,345.72,345.72,345.72
2019-05-31,341.87,343.56,340.73,343.56
2019-06-03,345.46,345.46,341.98,341.98
2019-06-04,343.56,346.25,343.56,346.25
2019-06-05,345.46,345.46,345.46,345.46
2019-06-06,345,345,340.38,341.52
2019-06-07,341.52,341.52,340.34,340.34
2019-06-10,340.8,344.81,340.8,344.81
2019-06-11,344.81,344.81,342.38,342.38
2019-06-12,342.38,345.57,342.38,343.6
2019-06-13,345.57,345.57,344.81,344.81
2019-06-14,344.81,344.81,344.81,344.81
2019-06-17,346.72,346.72,344.74,344.74
2019-06-18,345.93,349.08,345.93,346.72
2019-06-19,351.45,351.45,349.54,349.54
2019-06-20,350.01,350.01,345.27,345.27
2019-06-21,347.18,347.18,345.27,345.27
2019-06-24,345.27,345.27,345.27,345.27
2019-06-25,345.27,345.27,345.27,345.27
2019-06-26,345.27,345.27,345.27,345.27
2019-06-27,345.27,345.27,345.27,345.27
2019-06-28,345.27,345.27,345.27,345.27
2019-07-01,337.84,337.84,337.84,337.84
2019-07-02,337.84,339.74,337.84,339.74
2019-07-03,337.84,337.84,337.84,337.84
2019-07-04,345.1,347.09,345.1,347.09
2019-07-08,345.1,347.47,345.1,347.47
2019-07-09,347.85,352.58,345.57,345.57
2019-07-10,345.57,351.58,343.81,343.81
2019-07-11,343.81,346.23,342.28,343.07
2019-07-12,343.83,343.83,342.58,343.05
2019-07-15,343.81,344.27,343.81,344.27
2019-07-16,344.27,349,344.27,349
2019-07-17,345.06,345.06,341.2,341.2
2019-07-18,343.65,343.65,338.92,338.92
2019-07-19,338.92,338.92,338.92,338.92
2019-07-22,338.92,338.92,338.92,338.92
2019-07-23,340.85,341.99,340.85,341.99
2019-07-24,342.26,342.82,340.85,340.85
2019-07-25,337.54,340.53,333.6,340.53
2019-07-26,339.79,339.79,333.32,333.32
2019-07-29,337.26,339.17,337.26,339.17
2019-07-30,339.17,339.17,336.12,336.91
2019-07-31,336.91,344.01,336.91,344.01
2019-08-01,344.01,345.27,344.01,344.8
2019-08-02,344.8,345.27,344.8,345.27
2019-08-05,345.27,345.27,344.8,344.8
2019-08-06,348.41,348.41,348.41,348.41
2019-08-07,348.41,348.41,342.33,342.33
2019-08-08,340.65,347.2,340.65,347.2
2019-08-09,347.2,347.2,346.73,346.73
2019-08-12,346.73,347.2,346.73,347.2
2019-08-13,347.2,347.2,346.73,346.73
2019-08-14,346.73,347.88,346.73,347.88
2019-08-15,347.88,347.88,347.88,347.88
2019-08-16,347.88,347.88,343.82,343.82
2019-08-19,343.82,343.82,343.82,343.82
2019-08-20,343.82,343.82,343.35,343.35
2019-08-21,343.64,344.11,343.64,344.11
2019-08-22,344.11,344.11,343.69,343.69
2019-08-23,343.69,343.69,343.69,343.69
2019-08-26,343.69,343.69,343.69,343.69
2019-08-27,343.69,343.69,343.69,343.69
2019-08-28,343.69,343.69,343.69,343.69
2019-08-30,343.69,343.69,343.69,343.69
2019-09-02,344.62,344.62,344.16,344.16
2019-09-03,334.69,335.16,334.69,335.16
2019-09-04,335.16,341.37,335.16,341.37
2019-09-05,345.09,345.09,345.09,345.09
2019-09-06,345.09,345.09,345.09,345.09
2019-09-09,345.09,345.09,345.09,345.09
2019-09-10,345.09,347.44,345.09,347.44
2019-09-11,347.44,347.44,347.44,347.44
2019-09-12,347.44,347.44,345.72,345.72
2019-09-13,345.72,345.72,345.72,345.72
2019-09-16,345.72,345.72,345.26,345.72
2019-09-17,336.05,338.15,335.59,338.15
2019-09-18,336.05,336.52,336.05,336.05
2019-09-19,336.52,336.52,336.52,336.52
2019-09-20,336.52,337.53,336.52,337.53
2019-09-23,340.37,340.37,340.37,340.37
2019-09-24,338.02,338.3,338.02,338.3
2019-09-25,338.3,339.24,338.3,339.24
2019-09-26,339.24,339.24,339.24,339.24
2019-09-27,339.24,340.17,339.24,340.17
2019-09-30,340.74,341.68,340.74,341.68
2019-10-01,342.01,342.01,342.01,342.01
2019-10-02,342.72,350.1,341.33,341.33
2019-10-03,341.79,343.2,341.79,343.2
2019-10-04,343.2,343.74,342.34,343.74
2019-10-07,342.34,346.53,342.34,346.53
2019-10-08,347,347.18,345.57,347.18
2019-10-09,347.18,348.61,344.81,346.63
2019-10-10,346.63,347.1,346.63,347.1
2019-10-11,347.1,347.57,344.74,345.2
2019-10-14,345.2,345.2,344.74,344.74
2019-10-15,344.74,345.2,344.74,344.74
2019-10-16,344.74,345.07,344.61,344.61
2019-10-17,345.07,345.07,344.74,344.74
2019-10-18,346.16,346.16,344.07,344.07
2019-10-21,344.07,344.07,344.07,344.07
2019-10-22,344.07,346.77,344.07,346.77
2019-10-23,346.3,346.77,346.3,346.3
2019-10-24,346.3,346.77,346.3,346.77
2019-10-25,346.54,346.54,344.39,346.07
2019-10-28,346.07,346.07,345.6,345.6
2019-10-29,346.54,346.91,346.07,346.91
2019-10-30,346.91,346.91,344.57,346.91
2019-10-31,346.91,346.91,346.07,346.07
2019-11-04,346.49,346.49,346.07,346.07
2019-11-05,343.27,343.27,339.53,339.53
2019-11-06,339.53,339.53,339.53,339.53
2019-11-07,339.53,339.53,339.53,339.53
2019-11-08,340.7,342.79,340.7,342.79
2019-11-11,342.79,342.79,342.79,342.79
2019-11-12,342.79,342.79,342.79,342.79
2019-11-13,342.79,342.79,342.79,342.79
2019-11-14,342.79,342.79,341.12,341.12
2019-11-15,342.55,342.55,342.55,342.55
2019-11-18,342.55,342.55,342.55,342.55
2019-11-19,342.55,342.55,342.55,342.55
2019-11-20,342.13,344.22,342.13,344.22
2019-11-21,344.22,344.22,342.55,342.55
2019-11-22,342.55,342.55,342.13,342.13
2019-11-25,344.22,344.22,342.13,342.13
2019-11-26,342.13,342.13,342.13,342.13
2019-11-27,342.13,342.55,342.13,342.55
2019-11-28,343.48,348.93,343.48,343.48
2019-11-29,343.48,343.48,343.48,343.48
2019-12-02,343.48,343.48,343.48,343.48
2019-12-03,346.34,351.79,346.34,351.79
2019-12-04,351.79,352.26,346.81,346.81
2019-12-05,346.81,346.81,346.34,346.34
2019-12-06,346.34,346.34,345.92,345.92
2019-12-09,345.92,345.92,345.92,345.92
2019-12-10,345.92,345.92,344.99,344.99
2019-12-11,345.92,345.92,345.92,345.92
2019-12-12,345.92,345.92,345.92,345.92
2019-12-13,345.92,345.92,345.92,345.92
2019-12-16,343.06,343.06,343.06,343.06
2019-12-17,343.06,343.06,343.06,343.06
2019-12-18,340.97,345.5,340.97,345.5
2019-12-19,345.92,345.92,345.92,345.92
2019-12-20,351.56,351.56,351.14,351.14
2019-12-23,351.14,351.14,351.14,351.14
2019-12-27,351.14,351.14,351.14,351.14
2019-12-30,351.14,351.14,351.14,351.14
2020-01-02,351.14,351.14,350.31,350.31
2020-01-03,350.31,350.31,350.31,350.31
2020-01-07,345.78,345.78,345.78,345.78
2020-01-08,345.78,346.24,345.78,346.24
2020-01-09,346.24,346.24,346.24,346.24
2020-01-10,346.24,347.07,346.24,347.07
2020-01-13,347.07,347.07,346.61,347.07
2020-01-14,343.62,344.04,343.62,344.04
2020-01-15,344.09,344.54,344.09,344.54
2020-01-16,344.54,344.54,344.54,344.54
2020-01-17,345.79,346.21,345.79,346.21
2020-01-20,350.74,350.74,348.46,348.46
2020-01-21,348.46,348.46,348.04,348.46
2020-01-22,348.46,355.52,348.46,355.52
2020-01-23,356.21,356.21,349.89,349.89
2020-01-24,351.71,352.96,351.71,352.96
2020-01-27,351.71,351.71,349.06,349.06
2020-01-28,350.72,351.22,350.72,351.22
2020-01-29,351.22,351.22,347.71,347.71
2020-01-30,347.71,353.95,347.3,353.95
2020-01-31,353.95,353.95,353.95,353.95
2020-02-03,353.95,353.95,347.3,347.3
2020-02-04,347.3,347.3,347.3,347.3
2020-02-05,347.3,348.96,347.3,348.96
2020-02-06,348.96,355.12,348.96,355.12
2020-02-07,354.7,354.7,353.97,353.97
2020-02-10,354.39,354.39,350.53,350.53
2020-02-11,350.99,351.84,350.99,351.84
2020-02-12,353.21,355.48,353.21,355.48
2020-02-13,355.48,355.48,353.64,353.64
2020-02-14,352.79,354.48,352.79,354.48
2020-02-17,354.48,356.32,354.48,356.32
2020-02-18,355.21,356.13,354.75,356.13
2020-02-19,356.13,356.13,356.13,356.13
2020-02-20,356.13,356.13,356.13,356.13
2020-02-21,356.13,356.13,354.29,354.29
2020-02-24,354.29,354.29,354.29,354.29
2020-02-25,354.29,354.29,354.29,354.29
2020-02-26,354.29,354.29,354.29,354.29
2020-02-27,352.71,357.98,352.71,357.98
2020-02-28,357.98,357.98,357.52,357.52
2020-03-02,357.52,357.52,357.09,357.09
2020-03-03,356.83,356.83,352.91,352.91
2020-03-04,352.91,352.91,352.91,352.91
2020-03-05,352.91,354.03,352.91,354.03
2020-03-06,354.03,354.03,353.6,353.6
2020-03-09,352.68,352.68,352.26,352.26
2020-03-10,351.84,351.84,350.57,350.57
2020-03-11,350.57,350.57,348.46,348.46
2020-03-12,348.46,348.46,342.12,344.24
2020-03-13,335.91,335.91,335.45,335.87
2020-03-16,337.98,337.98,333.84,337.98
2020-03-17,331.53,331.53,327.31,327.31
2020-03-18,325.2,325.2,325.2,325.2
2020-03-19,320.55,326.08,320.55,326.08
2020-03-20,326.08,326.08,326.08,326.08
2020-03-23,326.5,327.88,321.97,321.97
2020-03-24,316.08,316.08,315.66,315.66
2020-03-25,313.55,317.77,313.55,317.77
2020-03-26,319.61,319.61,319.61,319.61
2020-03-27,327.64,327.64,327.64,327.64
2020-03-30,327.64,330.17,327.64,330.17
2020-03-31,328.33,331.09,324.76,324.76
2020-04-01,326.02,326.02,326.02,326.02
2020-04-02,326.02,326.02,326.02,326.02
2020-04-03,324.76,324.76,324.33,324.33
2020-04-06,322.03,322.45,322.03,322.45
2020-04-07,322.45,324.56,322.45,324.56
2020-04-08,326.49,326.49,326.49,326.49
2020-04-09,325.22,325.22,320.14,320.14
2020-04-14,322.26,327.8,322.26,327.8
2020-04-15,327.8,327.8,327.8,327.8
2020-04-16,327.37,327.37,326.95,326.95
2020-04-17,327.37,327.37,327.37,327.37
2020-04-20,327.8,327.8,326.95,326.95
2020-04-21,327.37,327.37,327.37,327.37
2020-04-22,324.14,324.57,324.14,324.57
2020-04-23,324.57,325.95,323.83,323.83
2020-04-24,328.84,328.84,324.1,324.1
2020-04-27,324.1,325.95,324.1,325.95
2020-04-28,325.95,330.18,325.95,330.18
2020-04-29,325.44,327.26,325.44,327.26
2020-05-07,329.57,329.57,329.57,329.57
2020-05-11,330.3,330.3,330.3,330.3
2020-05-15,335.07,336,335.07,336
2020-05-18,328.38,329.65,328.38,329.19
2020-05-19,343.66,343.66,341.96,343.66
2020-05-20,343.66,343.66,341.54,341.54
2020-05-21,358.34,360.45,357.54,357.54
2020-05-22,357.54,357.54,357.07,357.07
2020-05-25,357.07,358.34,357.07,358.34
2020-05-26,358.34,358.34,358.34,358.34
2020-05-27,361.31,361.31,361.31,361.31
2020-05-28,361.31,361.31,361.31,361.31
2020-05-29,361.31,361.31,360.88,360.88
2020-06-01,360.88,360.88,359.61,359.61
2020-06-02,359.61,359.61,359.15,359.15
2020-06-03,356.38,362.38,356.38,362.38
2020-06-04,362.38,362.38,356.38,356.38
2020-06-05,362.27,362.27,358.46,358.46
2020-06-08,358.46,358.46,358.46,358.46
2020-06-09,358.46,358.46,358.46,358.46
2020-06-10,360.57,360.57,358.46,358.46
2020-06-11,358.46,359.84,358.46,359.84
2020-06-12,359.84,359.84,359.84,359.84
2020-06-15,359.84,359.84,359.84,359.84
2020-06-16,359.84,363.65,359.84,363.65
2020-06-17,363.65,363.65,361.96,361.96
2020-06-18,361.96,361.96,361.96,361.96
2020-06-19,356.87,363.13,356.87,363.13
2020-06-22,363.13,363.13,363.13,363.13
2020-06-23,363.13,363.13,356.87,356.87
2020-06-24,349.83,354.63,349.83,354.63
2020-06-25,357.03,362.66,357.03,362.66
2020-06-26,362.66,362.66,362.66,362.66
2020-06-29,337.38,337.38,337.38,337.38
2020-06-30,337.38,337.38,337.38,337.38
2020-07-01,337.38,337.38,337.38,337.38
2020-07-02,337.38,337.38,336.86,336.86
2020-07-03,336.86,336.86,331.12,331.12
2020-07-06,323.93,323.93,323.5,323.5
2020-07-07,323.5,323.5,319.69,319.69
2020-07-08,325.43,338.86,325.43,338.86
2020-07-09,338.86,338.86,338.86,338.86
2020-07-10,338.86,338.86,338.86,338.86
2020-07-13,335.73,336.18,335.73,336.18
2020-07-14,336.18,336.7,336.18,336.7
2020-07-15,336.7,336.7,336.7,336.7
2020-07-16,336.7,336.7,336.7,336.7
2020-07-17,336.7,336.7,336.7,336.7
2020-07-20,336.7,336.7,336.7,336.7
2020-07-21,327.02,327.02,324.9,324.9
2020-07-22,324.9,329.98,324.9,329.98
2020-07-23,329.98,329.98,329.98,329.98
2020-07-24,329.98,331.9,329.98,331.9
2020-07-27,331.38,331.38,328.42,331.38
2020-07-28,331.38,331.38,331.38,331.38
2020-07-29,331.38,331.38,331.38,331.38
2020-07-30,331.38,331.38,331.38,331.38
2020-07-31,331.38,331.38,331.38,331.38
2020-08-03,331.38,334.47,331.38,334.47
2020-08-04,332.83,332.83,332.83,332.83
2020-08-05,332.83,332.83,330.07,330.07
2020-08-06,332.83,332.83,332.83,332.83
2020-08-07,327.16,338.69,327.16,337.9
2020-08-10,337.9,337.9,337.9,337.9
2020-08-11,337.9,337.9,334.29,334.29
2020-08-12,333.88,333.88,331.91,331.95
2020-08-13,331.95,331.95,331.95,331.95
2020-08-14,331.95,331.95,331.95,331.95
2020-08-17,331.95,331.95,331.95,331.95
2020-08-18,331.95,334.32,331.95,334.32
2020-08-19,334.32,334.32,334.32,334.32
2020-08-20,334.32,334.32,334.32,334.32
2020-08-21,334.32,334.32,334.32,334.32
2020-08-24,334.73,334.73,334.73,334.73
2020-08-25,334.73,334.73,334.73,334.73
2020-08-26,334.73,334.73,334.73,334.73
2020-08-27,330.62,330.62,330.62,330.62
2020-08-28,331.01,331.01,330.62,330.62
2020-08-31,331.01,331.01,331.01,331.01
2020-09-02,331.01,331.01,331.01,331.01
2020-09-03,331.01,331.01,331.01,331.01
2020-09-04,334.17,338.5,331.8,338.5
2020-09-07,333.86,333.86,331.28,331.28
2020-09-08,331.28,332.46,331.28,332.46
2020-09-09,333.65,338.99,333.65,338.99
2020-09-10,352.03,355.4,352.03,355.4
2020-09-11,355.4,355.92,355.4,355.92
2020-09-14,371.23,371.23,371.23,371.23
2020-09-16,371.23,372.8,371.23,372.02
2020-09-17,372.02,372.02,372.02,372.02
2020-09-18,372.33,372.33,371.3,371.3
2020-09-21,371.3,371.3,370.51,370.51
2020-09-22,370.51,371.3,370.51,371.3
2020-09-23,371.3,371.84,369.76,371.05
2020-09-24,371.05,371.05,371.05,371.05
2020-09-25,356.63,357.14,356.63,357.14
2020-09-28,356.63,357.14,356.63,357.14
2020-09-29,356.63,356.63,350.9,351.41
2020-09-30,354.57,355.39,354.57,355.39
2020-10-01,353.42,358.06,353.42,358.06
2020-10-02,358.06,358.06,350.12,350.12
2020-10-05,350.91,350.91,350.12,350.12
2020-10-06,350.12,350.91,350.12,350.91
2020-10-07,350.39,350.79,350.39,350.79
2020-10-08,350.79,351.18,350.79,351.18
2020-10-09,351.57,351.57,347.97,347.97
2020-10-12,347.97,347.97,347.57,347.57
2020-10-13,347.57,347.57,344.02,344.02
2020-10-14,347.57,347.57,347.57,347.57
2020-10-15,347.57,348.09,347.57,348.09
2020-10-16,347.57,347.57,347.57,347.57
2020-10-19,352.97,352.97,352.97,352.97
2020-10-20,352.57,352.57,352.57,352.57
2020-10-21,352.57,352.57,351.78,351.78
2020-10-22,351.78,354.88,351.78,354.88
2020-10-23,354.88,354.88,350.75,350.75
2020-10-26,351.15,351.15,345.01,345.01
2020-10-27,341.07,345.01,341.07,345.01
2020-10-28,345.01,346.2,342.65,346.2
2020-10-29,351.54,356.3,350.36,356.3
2020-10-30,356.3,356.7,356.3,356.7
2020-11-02,356.7,356.7,356.7,356.7
2020-11-03,356.7,356.7,356.7,356.7
2020-11-04,356.7,356.7,350.78,350.78
2020-11-05,345.63,345.63,342.08,343.66
2020-11-06,343.66,348.81,343.66,348.81
2020-11-09,348.81,348.81,348.81,348.81
2020-11-10,343.47,343.47,343.47,343.47
2020-11-11,347.41,347.41,343.47,343.47
2020-11-12,343.47,343.47,343.47,343.47
2020-11-13,343.47,343.47,338.31,338.31
2020-11-16,343.47,343.47,343.47,343.47
2020-11-18,354.11,354.11,354.11,354.11
2020-11-19,334.56,338.72,334.56,338.72
2020-11-20,341.72,341.72,335.9,335.9
2020-11-23,343.32,343.32,341.34,341.34
2020-11-24,339.89,339.89,336.08,336.6
2020-11-25,334.02,339.85,334.02,339.85
2020-11-26,341.91,346.07,341.91,344.4
2020-11-27,344.4,344.4,341.83,341.83
2020-11-30,343.8,343.8,343.8,343.8
2020-12-01,343.8,343.8,343.8,343.8
2020-12-02,345.37,345.37,345.37,345.37
2020-12-03,345.37,347.95,345.37,347.95
2020-12-04,340.22,348.47,340.22,348.47
2020-12-07,347.44,347.95,344.01,347.95
2020-12-08,340.22,347.95,340.22,347.95
2020-12-09,347.95,347.95,347.95,347.95
2020-12-10,350.42,350.42,345.26,345.26
2020-12-11,349.9,349.9,349.9,349.9
2020-12-14,349.9,349.9,345.26,347.95
2020-12-15,347.95,352.06,347.95,352.06
2020-12-16,352.06,352.06,352.06,352.06
2020-12-17,347.95,347.95,340.22,345.37
2020-12-18,342.22,344.8,337.07,337.07
2020-12-21,337.07,337.07,337.07,337.07
2020-12-22,344.8,345.31,344.8,344.8
2020-12-23,344.8,344.8,342.22,342.22
2020-12-28,342.22,342.22,342.22,342.22
2020-12-29,345.13,345.13,345.13,345.13
2020-12-30,345.13,345.13,345.13,345.13
2021-01-04,348.23,348.74,348.23,348.74
2021-01-05,349.14,349.65,349.14,349.65
2021-01-07,350.9,350.9,350.9,350.9
2021-01-08,350.9,350.9,350.9,350.9
2021-01-11,346.78,351.41,346.78,351.41
2021-01-12,351.41,351.41,351.41,351.41
2021-01-13,355.53,355.53,353.46,353.46
2021-01-14,350.89,356.83,350.89,356.83
2021-01-15,351.68,356.83,351.68,356.83
2021-01-18,359.33,359.33,354.17,354.17
2021-01-19,357.78,357.78,356.75,356.75
2021-01-20,356.75,356.75,354.17,354.17
2021-01-22,354.17,355.2,354.17,355.2
2021-01-25,351.09,351.09,351.09,351.09
2021-01-26,351.09,351.09,351.09,351.09
2021-01-27,351.49,351.49,350.3,350.3
2021-01-28,350.3,350.7,350.3,350.7
2021-01-29,350.7,350.7,350.7,350.7
2021-02-01,350.7,350.7,348.2,349.04
2021-02-02,349.48,352.07,349.48,351.19
2021-02-03,350.75,354.42,349.89,354.42
2021-02-04,352.65,353.09,352.65,353.09
2021-02-05,352.65,352.65,352.65,352.65
2021-02-08,357.18,358.95,357.18,357.62
2021-02-09,353.98,353.98,352.67,352.67
2021-02-10,352.67,353.11,352.23,352.23
2021-02-11,352.23,354.42,352.23,354.42
2021-02-12,353.98,353.98,353.53,353.98
2021-02-15,354.42,354.42,353.53,353.53
2021-02-16,356.24,356.24,355.38,356.24
2021-02-17,356.24,356.24,355.36,355.36
2021-02-18,355.36,358.51,355.36,358.51
2021-02-19,361.22,361.22,357.22,357.22
2021-02-22,357.22,359.87,357.22,357.66
2021-02-23,358.98,358.98,358.1,358.1
2021-02-24,358.09,359.85,357.65,357.65
2021-02-25,355.98,356.42,355.98,356.42
2021-02-26,356.42,357.31,356.42,357.31
2021-03-01,356.88,356.88,356.88,356.88
2021-03-02,356.88,363.78,356.88,363.78
2021-03-03,363.78,364.19,363.78,364.19
2021-03-04,362.56,362.56,362.56,362.56
2021-03-05,362.56,362.56,362.56,362.56
2021-03-08,367.84,368.21,367.84,368.21
2021-03-09,368.21,368.21,368.21,368.21
2021-03-10,368.64,368.64,367.78,367.78
2021-03-11,367.78,367.78,367.78,367.78
2021-03-12,367.78,367.78,367.78,367.78
2021-03-15,368.64,368.64,367.78,367.78
2021-03-16,368.64,368.64,367.78,367.78
2021-03-17,371.48,371.48,370.62,370.62
2021-03-18,370.62,371.48,370.62,371.48
2021-03-19,371.48,371.48,369.45,369.45
2021-03-22,369.45,369.45,369.45,369.45
2021-03-23,369.45,369.45,369.45,369.45
2021-03-24,369.08,369.08,369.08,369.08
2021-03-25,369.45,369.45,369.45,369.45
2021-03-26,369.45,369.45,369.45,369.45
2021-03-29,369.45,369.45,368.59,368.59
2021-03-30,369.45,369.45,363.36,363.36
2021-03-31,363.36,363.36,363.36,363.36
2021-04-01,363.36,363.36,363.36,363.36
2021-04-06,363.36,363.36,363.36,363.36
2021-04-07,363.72,363.72,363.72,363.72
2021-04-08,363.72,363.72,363.29,363.29
2021-04-09,363.29,365.88,363.29,365.88
2021-04-12,365.88,369.94,365.88,369.94
2021-04-13,369.94,369.94,369.94,369.94
2021-04-14,369.94,369.94,369.94,369.94
2021-04-15,369.94,369.94,369.94,369.94
2021-04-16,369.94,369.94,369.94,369.94
2021-04-19,369.94,369.94,369.94,369.94
2021-04-20,373.39,373.39,373.39,373.39
2021-04-21,369.94,369.94,369.94,369.94
2021-04-22,369.94,369.94,369.94,369.94
2021-04-23,369.94,369.94,369.94,369.94
2021-04-26,369.94,369.94,369.94,369.94
2021-04-27,369.94,369.94,369.94,369.94
2021-04-28,369.94,369.94,365.88,365.88
2021-04-29,368.04,368.04,368.04,368.04
2021-04-30,368.04,368.04,368.04,368.04
2021-05-03,368.04,368.04,368.04,368.04
2021-05-04,368.04,368.04,368.04,368.04
2021-05-05,371.05,371.05,371.05,371.05
2021-05-06,375.38,375.46,375.38,375.46
2021-05-07,375.46,375.46,375.46,375.46
2021-05-10,375.46,375.46,369.35,369.35
2021-05-11,369.72,369.72,369.72,369.72
2021-05-12,370.15,370.15,370.15,370.15
2021-05-13,370.15,370.15,370.15,370.15
2021-05-14,370.15,370.15,370.15,370.15
2021-05-17,370.15,370.15,370.15,370.15
2021-05-18,366.7,366.7,366.7,366.7
2021-05-19,366.7,366.7,366.7,366.7
2021-05-20,368.86,368.86,368.86,368.86
2021-05-21,368.86,368.86,368.86,368.86
2021-05-24,371.5,371.5,371.5,371.5
2021-05-25,371.5,371.5,371.5,371.5
2021-05-26,370.76,370.76,370.76,370.76
2021-05-27,370.76,370.76,366.45,366.45
2021-05-28,370.76,370.76,370.76,370.76
2021-05-31,370.76,370.76,370.76,370.76
2021-06-01,370.76,370.76,370.76,370.76
2021-06-02,370.76,370.76,370.76,370.76
2021-06-03,370.76,370.76,370.76,370.76
2021-06-04,370.76,370.76,370.76,370.76
2021-06-07,370.76,370.76,370.76,370.76
2021-06-08,370.33,370.33,370.33,370.33
2021-06-09,370.33,370.33,366.88,366.88
2021-06-10,366.88,366.88,366.88,366.88
2021-06-11,370.33,370.33,370.33,370.33
2021-06-14,370.76,370.76,370.76,370.76
2021-06-15,370.76,370.76,366.88,366.88
2021-06-16,366.88,366.88,366.88,366.88
2021-06-17,364.84,364.84,364.84,364.84
2021-06-18,364.85,364.85,364.84,364.84
2021-06-21,364.84,368.8,364.84,368.8
2021-06-22,368.8,368.8,368.8,368.8
2021-06-23,368.8,368.8,365.28,365.28
2021-06-24,365.28,365.28,365.28,365.28
2021-06-25,365.28,365.28,365.28,365.28
2021-06-29,365.28,365.28,364.84,364.84
2021-06-30,364.84,364.84,364.84,364.84
2021-07-01,364.84,364.84,364.84,364.84
2021-07-02,364.84,364.84,364.84,364.84
2021-07-06,364.84,365.25,364.84,365.25
2021-07-07,365.25,365.25,365.25,365.25
2021-07-08,365.25,365.25,365.25,365.25
2021-07-09,365.25,365.25,365.25,365.25
2021-07-12,365.25,365.25,365.25,365.25
2021-07-13,365.25,365.25,365.25,365.25
2021-07-14,365.25,365.25,365.25,365.25
2021-07-15,365.65,365.65,365.65,365.65
2021-07-16,368.09,368.09,368.09,368.09
2021-07-19,368.09,368.09,368.09,368.09
2021-07-20,368.09,368.09,368.09,368.09
2021-07-21,368.09,368.09,368.09,368.09
2021-07-22,371.23,371.23,371.23,371.23
2021-07-23,371.23,371.23,371.23,371.23
2021-07-26,371.23,371.23,366.84,366.84
2021-07-27,366.84,366.84,366.84,366.84
2021-07-28,366.84,366.84,366.84,366.84
2021-07-29,370.49,371.36,370.49,371.36
2021-07-30,370.49,370.49,366.84,366.84
2021-08-02,366.84,366.84,362.66,362.66
2021-08-03,363.41,367.59,363.41,367.59
2021-08-04,367.59,367.59,367.59,367.59
2021-08-05,365.39,365.39,365.39,365.39
2021-08-06,364.95,368.58,364.95,368.58
2021-08-09,368.58,368.58,368.58,368.58
2021-08-10,366.82,366.82,366.82,366.82
2021-08-11,366.82,369.02,366.82,369.02
2021-08-12,368.58,368.58,364.95,364.95
2021-08-13,364.95,364.95,363.19,363.19
2021-08-16,363.19,363.19,363.19,363.19
2021-08-17,363.19,363.19,363.19,363.19
2021-08-18,363.19,365.39,363.19,365.39
2021-08-19,365.39,367.59,363.19,363.19
2021-08-20,365.39,365.39,363.19,363.19
2021-08-23,363.19,363.19,363.19,363.19
2021-08-24,388.76,388.76,388.76,388.76
2021-08-25,388.76,388.76,388.76,388.76
2021-08-26,388.76,388.76,388.76,388.76
2021-08-27,390.96,390.96,387.26,387.26
2021-08-30,387.26,387.26,387.26,387.26
2021-08-31,387.26,387.26,387.26,387.26
2021-09-02,387.26,387.26,387.26,387.26
2021-09-03,387.26,387.26,387.26,387.26
2021-09-06,387.26,393.42,387.26,393.42
2021-09-07,393.42,393.42,387.26,387.26
2021-09-08,387.26,392.98,387.26,392.98
2021-09-09,387.7,391.66,387.7,391.66
2021-09-10,391.66,391.66,387.26,387.26
2021-09-13,387.26,387.26,387.26,387.26
2021-09-14,386.16,387.26,386.16,387.26
2021-09-16,387.26,387.26,386.16,387.26
2021-09-17,387.26,387.26,387.26,387.26
2021-09-20,387.26,387.26,387.26,387.26
2021-09-21,387.26,387.26,387.26,387.26
2021-09-22,387.26,387.26,387.26,387.26
2021-09-23,387.26,389.46,387.26,389.46
2021-09-24,389.46,389.46,387.26,387.26
2021-09-27,389.46,389.46,389.46,389.46
2021-09-28,387.14,387.14,387.14,387.14
2021-09-29,387.14,387.14,387.14,387.14
2021-09-30,383.92,387.14,383.92,387.14
2021-10-01,386.21,386.21,383.89,386.21
2021-10-04,386.21,386.21,386.21,386.21
2021-10-05,386.21,386.21,386.21,386.21
2021-10-06,386.21,386.63,386.21,386.63
2021-10-07,386.63,388.92,386.63,388.92
2021-10-08,388.95,389.41,386.63,386.63
2021-10-11,386.63,388.95,386.63,388.95
2021-10-12,388.95,388.95,386.63,386.63
2021-10-13,389.71,389.71,387.41,387.41
2021-10-14,387.41,387.41,387.41,387.41
2021-10-15,387.41,387.41,387.41,387.41
2021-10-18,387.41,387.41,387.41,387.41
2021-10-19,390.74,390.74,390.72,390.72
2021-10-20,390.74,390.74,390.74,390.74
2021-10-21,395.06,395.06,392.74,395.04
2021-10-22,397.38,397.38,395.04,395.06
2021-10-25,395.06,396.22,394.83,394.83
2021-10-26,394.6,394.83,389.88,389.88
2021-10-27,391.5,391.5,389.41,389.41
2021-10-28,390.57,390.57,390.34,390.34
2021-10-29,390.34,390.34,389.41,389.41
2021-11-02,389.41,389.41,389.41,389.41
2021-11-03,389.41,389.83,389.41,389.83
2021-11-04,392.74,392.74,392.74,392.74
2021-11-05,392.74,392.74,392.74,392.74
2021-11-08,398.28,398.28,398.28,398.28
2021-11-09,398.28,398.28,398.28,398.28
2021-11-10,398.28,400.36,398.28,400.36
2021-11-11,400.36,400.36,399.2,399.2
2021-11-12,399.2,399.2,399.2,399.2
2021-11-15,393.87,398.04,393.87,398.04
2021-11-16,398.04,398.04,398.04,398.04
2021-11-18,398.04,398.04,398.04,398.04
2021-11-19,398.04,398.04,398.04,398.04
2021-11-22,398.04,398.04,398.04,398.04
2021-11-23,398.04,398.04,398.04,398.04
2021-11-24,398.04,398.04,395.72,395.72
2021-11-25,395.72,398.02,395.72,398.02
2021-11-26,398.02,398.02,395.72,395.72
2021-11-29,395.72,395.72,395.72,395.72
2021-11-30,395.72,395.72,395.72,395.72
2021-12-01,395.72,395.72,395.72,395.72
2021-12-02,398.46,398.46,398.46,398.46
2021-12-03,398.46,398.46,396.14,396.14
2021-12-06,396.14,396.14,396.14,396.14
2021-12-07,395.72,395.72,395.72,395.72
2021-12-08,395.72,395.72,395.72,395.72
2021-12-09,395.72,395.72,395.72,395.72
2021-12-10,395.72,395.72,395.72,395.72
2021-12-13,397.92,397.92,397.34,397.34
2021-12-14,397.34,397.34,397.34,397.34
2021-12-15,397.34,397.34,397.34,397.34
2021-12-16,397.34,397.34,397.34,397.34
2021-12-17,398.59,398.59,396.6,396.6
2021-12-20,400.35,400.35,400.35,400.35
2021-12-21,401.51,401.51,396.88,396.88
2021-12-22,397.34,397.34,397.34,397.34
2021-12-23,397.34,397.34,397.34,397.34
2021-12-27,397.34,397.34,397.34,397.34
2021-12-28,397.34,397.34,396.88,396.88
2021-12-29,396.88,396.88,396.88,396.88
2021-12-30,397.34,397.34,397.34,397.34
2022-01-03,397.76,397.76,397.3,397.3
2022-01-04,397.3,397.3,397.3,397.3
2022-01-05,397.3,397.3,397.3,397.3
2022-01-07,397.76,397.76,397.3,397.3
2022-01-10,397.3,397.3,397.3,397.3
2022-01-11,397.76,400.77,397.76,400.77
2022-01-12,404.52,404.52,401.51,401.51
2022-01-13,401.51,401.51,401.51,401.51
2022-01-14,401.51,404.52,401.51,404.52
2022-01-17,402.2,402.2,395.72,395.72
2022-01-18,395.72,395.72,395.72,395.72
2022-01-19,399.88,399.88,399.42,399.88
2022-01-20,396.14,399.88,396.14,399.88
2022-01-21,399.88,399.88,399.88,399.88
2022-01-24,399.88,399.88,398.96,399.88
2022-01-25,395.72,395.72,395.49,395.49
2022-01-26,395.72,399.88,395.72,396.14
2022-01-27,396.14,396.14,396.14,396.14
2022-01-28,396.14,397.3,396.14,397.3
2022-01-31,396.14,396.14,395.72,395.72
2022-02-01,395.72,395.72,395.72,395.72
2022-02-02,399.37,399.37,399.37,399.37
2022-02-03,399.37,399.37,398.33,398.33
2022-02-04,408.15,408.15,402.94,402.94
2022-02-07,402.94,402.94,402.94,402.94
2022-02-08,402.94,402.94,402.94,402.94
2022-02-09,402.94,402.94,401.77,401.77
2022-02-10,405.55,405.55,405.55,405.55
2022-02-11,402.94,405.55,402.94,405.55
2022-02-14,404.5,405.55,401.37,401.37
2022-02-15,401.37,402.94,401.37,402.94
2022-02-16,401.37,402.94,401.37,402.94
2022-02-17,402.94,402.94,401.64,401.64
2022-02-18,402.94,402.94,400.33,400.33
2022-02-21,400.33,400.33,400.33,400.33
2022-02-22,402.94,402.94,400.33,400.33
2022-02-23,400.33,400.33,397.56,397.56
2022-02-24,399.13,400.17,398.87,400.17
2022-02-25,400.17,400.17,397.56,397.56
2022-02-28,397.56,397.56,397.56,397.56
2022-03-01,397.56,398.87,397.56,398.87
2022-03-02,389.8,389.8,389.8,389.8
2022-03-03,388.49,388.49,387.7,387.7
2022-03-04,391.26,398.06,391.26,398.06
2022-03-07,398.06,398.06,398.06,398.06
2022-03-08,398.06,398.06,398.06,398.06
2022-03-09,399.63,399.63,398.12,398.12
2022-03-10,396.55,397.07,396.55,396.55
2022-03-11,396.55,396.55,387.9,387.9
2022-03-14,393.95,393.95,393.95,393.95
2022-03-15,393.95,399.16,393.95,399.16
2022-03-16,399.16,399.16,399.16,399.16
2022-03-17,399.16,399.16,393.95,393.95
2022-03-18,393.95,393.95,393.95,393.95
2022-03-21,393.95,399.16,393.95,399.16
2022-03-22,399.16,399.16,399.16,399.16
2022-03-23,399.16,399.16,399.16,399.16
2022-03-24,399.16,399.16,399.16,399.16
2022-03-25,399.16,399.16,396.55,396.55
2022-03-28,399.16,399.16,393.95,393.95
2022-03-29,399.16,399.16,399.16,399.16
2022-03-30,386.58,386.58,381.37,381.37
2022-03-31,381.37,381.37,381.37,381.37
2022-04-01,385.54,385.54,385.54,385.54
2022-04-04,383.97,383.97,381.37,383.97
2022-04-05,383.97,385.54,381.37,381.37
2022-04-06,385.54,385.54,383.97,383.97
2022-04-07,383.97,385.54,381.37,385.54
2022-04-08,383.97,383.97,381.37,381.37
2022-04-11,383.32,383.32,381.37,381.37
2022-04-12,382.67,382.67,381.37,381.37
2022-04-13,380.57,380.57,380.18,380.18
2022-04-14,380.18,382.5,380.18,380.18
2022-04-19,382.5,382.5,380.18,380.18
2022-04-20,381.48,381.48,380.18,380.18
2022-04-21,381.48,381.48,380.18,380.18
2022-04-22,380.18,380.18,380.18,380.18
2022-04-25,380.18,381.43,380.18,380.18
2022-04-26,380.18,380.18,380.18,380.18
2022-04-27,380.18,380.18,378.09,378.09
2022-04-28,382.4,382.4,381.35,382.4
2022-04-29,381.88,382.4,381.88,382.4
2022-05-02,382.38,382.38,382.38,382.38
2022-05-03,382.4,382.4,382.4,382.4
2022-05-04,383.72,383.72,382.4,382.4
2022-05-05,382.4,382.4,382.4,382.4
2022-05-06,382.4,382.4,382.4,382.4
2022-05-09,381.34,383.34,381.34,383.34
2022-05-10,383.34,383.34,382.55,382.55
2022-05-11,382.29,383.34,382.29,383.34
2022-05-12,383.61,386.19,383.61,386.19
2022-05-13,383.61,386.17,383.61,383.61
2022-05-16,382.8,382.8,382.8,382.8
2022-05-17,382.8,382.8,382.54,382.54
2022-05-18,382.54,382.8,382.54,382.8
2022-05-19,382.8,382.8,382.8,382.8
2022-05-20,381.75,381.75,380.16,380.16
2022-05-23,382.8,382.8,380.16,382.8
2022-05-24,377.52,378.84,377.52,378.82
2022-05-25,371.4,372.46,371.4,372.46
2022-05-26,365.43,365.43,365.43,365.43
2022-05-27,359.7,359.7,359.7,359.7
2022-05-30,354.58,356.88,354.55,356.88
2022-05-31,359.78,363.64,359.78,363.64
2022-06-01,368.86,368.86,358.91,358.91
2022-06-02,364.59,364.59,364.59,364.59
2022-06-03,370.85,370.85,370.56,370.56
2022-06-06,373.2,373.2,370.56,373.2
2022-06-07,370.56,371.88,370.56,371.88
2022-06-08,370.56,371.88,370.56,370.56
2022-06-09,370.56,371.88,370.56,371.88
2022-06-10,371.88,371.88,370.56,370.56
2022-06-13,370.58,370.58,370.56,370.56
2022-06-14,370.56,370.56,368.45,368.45
2022-06-15,369.24,370.56,369.24,370.56
2022-06-16,371.88,371.88,370.56,371.26
2022-06-17,371.26,371.26,369.94,371.13
2022-06-20,369.94,369.94,369.94,369.94
2022-06-21,369.94,369.94,369.94,369.94
2022-06-22,371.26,371.26,370.47,370.47
2022-06-23,370.47,370.47,370.47,370.47
2022-06-24,370.47,370.47,370.47,370.47
2022-06-27,371.26,371.26,369.94,371.26
2022-06-28,371.26,372.56,371.26,372.56
2022-06-29,372.56,372.58,372.56,372.58
2022-06-30,372.58,372.58,372.58,372.58
2022-07-01,372.58,372.58,370.07,370.07
2022-07-04,373.88,374.96,369.94,371.26
2022-07-06,371.26,371.26,371.26,371.26
2022-07-07,371.26,371.26,371.26,371.26
2022-07-08,369.94,369.94,368.62,368.62
2022-07-11,368.62,371.26,368.62,371.26
2022-07-12,371.26,371.26,368.62,368.62
2022-07-13,368.62,371.26,368.62,371.26
2022-07-14,368.72,371.13,367.29,367.29
2022-07-15,373.43,373.43,373.43,373.43
2022-07-18,373.43,373.43,373.43,373.43
2022-07-19,377.21,377.21,374.75,374.75
2022-07-20,374.75,374.75,374.75,374.75
2022-07-21,374.75,374.75,374.75,374.75
2022-07-22,374.75,374.75,374.75,374.75
2022-07-25,374.75,374.75,374.75,374.75
2022-07-26,374.75,374.75,374.75,374.75
2022-07-27,374.75,374.75,374.75,374.75
2022-07-28,374.75,374.75,374.75,374.75
2022-07-29,377.13,377.13,374.75,374.75
2022-08-01,377.11,377.11,374.75,374.75
2022-08-02,374.75,376.18,374.75,376.18
2022-08-03,376.18,376.18,374.75,374.75
2022-08-04,373.89,374.75,373.89,374.75
2022-08-05,374.75,374.75,374.72,374.72
2022-08-08,374.72,374.72,374.72,374.72
2022-08-09,374.72,374.72,374.72,374.72
2022-08-10,374.72,374.72,374.61,374.61
2022-08-11,374.61,374.61,374.61,374.61
2022-08-12,374.47,374.61,374.47,374.61
2022-08-15,374.61,374.61,374.61,374.61
2022-08-16,358.06,358.18,358.06,358.06
2022-08-17,358.06,358.06,358.06,358.06
2022-08-18,358.06,358.06,357.35,357.35
2022-08-19,357.35,358.06,357.35,358.06
2022-08-22,358.06,358.2,358.06,358.2
2022-08-23,358.2,358.2,357.92,357.92
2022-08-24,359.63,359.63,357.92,357.92
2022-08-25,357.92,358.2,357.92,358.2
2022-08-26,346.09,346.09,345.83,345.83
2022-08-30,343.8,346.66,343.8,346.66
2022-08-31,346.66,346.66,346.66,346.66
2022-09-02,346.66,346.66,345.8,345.8
2022-09-05,345.8,346.66,343.52,343.52
2022-09-06,347.4,347.79,347.4,347.4
2022-09-07,347.4,347.4,344.57,344.57
2022-09-08,344.57,344.57,344.57,344.57
2022-09-09,344.57,344.57,344.57,344.57
2022-09-12,344.86,346.86,344.86,346.86
2022-09-13,344.57,344.6,344.57,344.6
2022-09-14,344.6,346.83,344.6,346.83
2022-09-16,346.86,346.86,345.97,345.97
2022-09-19,345.59,345.62,345.59,345.62
2022-09-20,347.06,347.06,346.11,346.11
2022-09-21,346.11,346.11,345.85,345.85
2022-09-22,345.85,345.85,345.85,345.85
2022-09-23,345.82,346.11,345.82,346.11
2022-09-26,346.11,346.11,346.11,346.11
2022-09-27,346.11,347.25,346.11,347.25
2022-09-28,346.11,346.11,346.11,346.11
2022-09-29,346.11,346.11,346.11,346.11
2022-09-30,346.11,346.11,346.11,346.11
2022-10-03,345.96,346.11,345.96,346.11
2022-10-04,343.8,344.38,343.8,344.38
2022-10-05,344.38,344.38,344.38,344.38
2022-10-06,343.66,344.95,343.66,344.95
2022-10-07,344.95,344.95,344.95,344.95
2022-10-10,344.95,345.23,344.95,345.23
2022-10-11,345.23,345.23,345.23,345.23
2022-10-12,346.03,346.03,345.23,345.23
2022-10-13,345.23,345.23,343.8,343.8
2022-10-14,345.23,345.52,345.23,345.52
2022-10-17,345.52,345.52,343.8,343.8
2022-10-18,343.8,343.8,343.23,343.23
2022-10-19,343.23,345.2,343.23,345.2
2022-10-20,337.54,338.34,337.54,338.34
2022-10-21,336.11,336.11,335.54,336.11
2022-10-24,337.54,337.54,336.11,337.37
2022-10-25,336.11,338.94,336.11,338.94
2022-10-26,338.97,338.97,338.39,338.39
2022-10-27,338.39,338.68,337.54,338.39
2022-10-28,337.54,337.54,335.57,335.57
2022-10-31,336.11,336.11,335.54,335.54
2022-11-02,329.2,338.97,329.2,338.97
2022-11-03,338.97,338.97,333.25,333.25
2022-11-07,336.17,337.6,336.17,337.6
2022-11-08,337.6,337.6,335.03,335.03
2022-11-09,337.6,337.6,337.6,337.6
2022-11-10,337.6,337.6,337.6,337.6
2022-11-11,337.6,337.6,337.6,337.6
2022-11-14,337.6,337.6,337.6,337.6
2022-11-15,337.6,337.6,331.17,331.17
2022-11-16,331.17,331.17,331.17,331.17
2022-11-18,331.17,331.17,331.17,331.17
2022-11-21,331.17,331.17,331.17,331.17
2022-11-22,331.17,331.17,331.17,331.17
2022-11-23,331.17,331.17,331.17,331.17
2022-11-24,331.17,331.17,331.17,331.17
2022-11-25,336.17,336.17,336.17,336.17
2022-11-28,336.17,336.17,336.17,336.17
2022-11-29,336.17,336.17,336.17,336.17
2022-11-30,336.17,336.17,336.17,336.17
2022-12-01,336.74,336.74,336.74,336.74
2022-12-02,336.74,341.88,336.74,341.88
2022-12-05,341.88,341.88,341.88,341.88
2022-12-06,341.88,341.88,341.88,341.88
2022-12-07,341.88,341.88,341.88,341.88
2022-12-08,341.88,341.88,341.88,341.88
2022-12-09,341.88,341.88,341.88,341.88
2022-12-12,340.17,340.17,340.17,340.17
2022-12-13,340.17,340.17,340.17,340.17
2022-12-14,340.17,340.17,340.17,340.17
2022-12-15,340.17,340.17,334.74,334.74
2022-12-16,334.74,340.45,334.74,340.45
2022-12-19,340.45,340.45,340.45,340.45
2022-12-20,341.88,341.88,341.88,341.88
2022-12-21,341.88,341.88,341.88,341.88
2022-12-22,341.88,341.88,339.6,339.6
2022-12-23,339.6,339.6,339.6,339.6
2022-12-27,339.6,339.6,339.6,339.6
2022-12-28,339.6,339.6,334.74,334.74
2022-12-29,334.74,334.74,334.74,334.74
2022-12-30,334.74,334.74,334.74,334.74
2023-01-02,334.74,334.74,334.74,334.74
2023-01-03,335.03,335.03,335.03,335.03
2023-01-04,340.88,340.88,340.88,340.88
2023-01-05,337.6,337.6,337.6,337.6
2023-01-09,340.45,340.45,340.45,340.45
2023-01-10,340.45,340.45,340.45,340.45
2023-01-11,340.45,340.45,340.45,340.45
2023-01-12,340.45,340.45,340.45,340.45
2023-01-13,340.45,340.45,340.45,340.45
2023-01-16,336.17,336.17,336.17,336.17
2023-01-17,336.17,336.17,336.17,336.17
2023-01-18,340,340,340,340
2023-01-19,334.74,334.74,334.74,334.74
2023-01-20,334.74,334.74,334.74,334.74
2023-01-23,334.74,334.74,334.74,334.74
2023-01-24,329.35,329.35,329.35,329.35
2023-01-25,330.78,330.78,330.78,330.78
2023-01-26,330.78,330.78,330.78,330.78
2023-01-27,324.64,324.64,324.64,324.64
2023-01-30,324.64,324.64,324.64,324.64
2023-01-31,325.07,325.07,325.07,325.07
2023-02-01,330.92,330.92,330.92,330.92
2023-02-02,325.13,325.13,325.13,325.13
2023-02-03,330.92,330.92,330.92,330.92
2023-02-06,332.11,332.11,332.11,332.11
2023-02-07,330.67,330.67,330.67,330.67
2023-02-08,330.67,330.67,330.67,330.67
2023-02-09,330.67,330.67,330.67,330.67
2023-02-10,332.11,332.11,332.11,332.11
2023-02-13,332.11,332.11,332.11,332.11
2023-02-14,332.11,332.11,332.11,332.11
2023-02-15,329.51,329.51,329.51,329.51
2023-02-16,331.3,331.3,331.3,331.3
2023-02-17,336.68,336.68,336.68,336.68
2023-02-20,332.44,332.44,332.44,332.44
2023-02-21,333.9,333.9,333.9,333.9
2023-02-22,333.9,333.9,333.9,333.9
2023-02-23,333.9,333.9,333.9,333.9
2023-02-24,333.32,333.32,333.32,333.32
2023-02-27,333.9,333.9,333.9,333.9
2023-02-28,333.9,333.9,333.9,333.9
2023-03-01,308.86,308.86,308.86,308.86
